filename,video_id,start_time,end_time,duration,id,transcription,usability,bg_music,bg_noise,other_voice,only_music,only_noise,other_sounds,annotator,annotate_date_YYYYMMDD,0
AneesaSmith_HrYDsGL1gxg_281_9761.wav,AneesaSmith_HrYDsGL1gxg,281,9761,9480,0,hi guys welcome back uh it's so annoying let's do that again I don't know how to start_unc this,1,1,0,0,0,0,0,ak,47:59.7,
AneesaSmith_HrYDsGL1gxg_9865_11641.wav,AneesaSmith_HrYDsGL1gxg,9865,11641,1776,1,hey guys welcome back to my channel <lgh>,1,0,0,0,0,0,0,ak,48:15.5,
AneesaSmith_HrYDsGL1gxg_11969_21281.wav,AneesaSmith_HrYDsGL1gxg,11969,21281,9312,2,better for today's video I am going to be doing a question and answer video I had you guys ask me questions last night on my Instagram if you guys don't follow me on Instagram,1,0,0,0,0,0,0,ak,48:46.5,
AneesaSmith_HrYDsGL1gxg_21441_23921.wav,AneesaSmith_HrYDsGL1gxg,21441,23921,2480,3,Instagram yet my Instagram name is a right_unc here,1,0,0,0,0,0,0,ak,49:01.9,
AneesaSmith_HrYDsGL1gxg_24145_32481.wav,AneesaSmith_HrYDsGL1gxg,24145,32481,8336,4,um but yeah I had you guys ask you some questions that you want answers to on my Instagram last night so this video is going to be answering all of those questions,1,0,0,0,0,0,0,ak,49:20.8,
AneesaSmith_HrYDsGL1gxg_32913_38649.wav,AneesaSmith_HrYDsGL1gxg,32913,38649,5736,5,so without further ado first question is what is my skincare routine um well,1,0,0,0,0,0,0,ak,49:42.0,
AneesaSmith_HrYDsGL1gxg_38825_43585.wav,AneesaSmith_HrYDsGL1gxg,38825,43585,4760,6,I don't have a skincare routine I know that sounds bad the skincare routine that I have had,1,0,0,0,0,0,0,ak,50:06.3,
AneesaSmith_HrYDsGL1gxg_43937_51609.wav,AneesaSmith_HrYDsGL1gxg,43937,51609,7672,7,doesn't consist of a whole lot I use a um just like a mild cleanser I believe it's from clean and clear it's like the yellow and,1,0,0,0,0,0,0,ak,50:46.7,
AneesaSmith_HrYDsGL1gxg_51961_54433.wav,AneesaSmith_HrYDsGL1gxg,51961,54433,2472,8,purple bottle just a really mild cleanser but still like,1,0,0,0,0,0,0,ak,50:56.5,
AneesaSmith_HrYDsGL1gxg_54801_58409.wav,AneesaSmith_HrYDsGL1gxg,54801,58409,3608,9,all of that gunk off my face I usually do I wash my face like,1,0,0,0,0,0,0,ak,51:12.9,
AneesaSmith_HrYDsGL1gxg_58665_59945.wav,AneesaSmith_HrYDsGL1gxg,58665,59945,1280,10,double I wash my face,1,0,0,0,0,0,0,ak,51:20.7,
AneesaSmith_HrYDsGL1gxg_60073_63417.wav,AneesaSmith_HrYDsGL1gxg,60073,63417,3344,11,like uh- every night obviously when I'm taking a shower I wash it once,1,0,0,0,0,0,0,ak,51:35.6,
AneesaSmith_HrYDsGL1gxg_63521_68361.wav,AneesaSmith_HrYDsGL1gxg,63521,68361,4840,12,rinse and then wash it again and rinse because there's still so much makeup on my face usually at the end of the day,1,0,0,0,0,0,0,ak,51:44.8,
AneesaSmith_HrYDsGL1gxg_68729_74201.wav,AneesaSmith_HrYDsGL1gxg,68729,74201,5472,13,um I don't go like full glam makeup look every single day because homegirl ain't got no time for that,1,0,0,0,0,0,0,ak,52:05.1,
AneesaSmith_HrYDsGL1gxg_74481_82401.wav,AneesaSmith_HrYDsGL1gxg,74481,82401,7920,14,but when I do take off my makeup I find that like just rinsing one time isn't enough but you do have to be careful because some of the cleansers are really really harsh on the skin,1,0,0,0,0,0,0,ak,52:31.7,
AneesaSmith_HrYDsGL1gxg_82553_85449.wav,AneesaSmith_HrYDsGL1gxg,82553,85449,2896,15,um I've used a couple well I've used one from like Neutrogena,1,0,0,0,0,0,0,ak,53:55.5,
AneesaSmith_HrYDsGL1gxg_85785_94673.wav,AneesaSmith_HrYDsGL1gxg,85785,94673,8888,16,which was super good and like cleansed my skin really well but it was so drying that I had to stop using it and I also had a reaction to it so that was just a bad experience but,1,0,0,0,0,0,0,ak,54:20.5,
AneesaSmith_HrYDsGL1gxg_94897_100929.wav,AneesaSmith_HrYDsGL1gxg,94897,100929,6032,17,um yeah I don't really have a skincare routine I just use like a mild cleanser um I get facials every now and then,1,0,0,0,0,0,0,ak,54:54.8,
AneesaSmith_HrYDsGL1gxg_101545_108049.wav,AneesaSmith_HrYDsGL1gxg,101545,108049,6504,18,and then I also um will like spot treat my skin whenever like my skin just recently has not been well at all,1,0,0,0,0,0,0,ak,55:54.4,
AneesaSmith_HrYDsGL1gxg_108305_112025.wav,AneesaSmith_HrYDsGL1gxg,108305,112025,3720,19,I hardly have any makeup on today and I'm also so pale okay let's just talk about that,1,0,0,0,0,0,0,ak,56:25.6,
AneesaSmith_HrYDsGL1gxg_112185_113329.wav,AneesaSmith_HrYDsGL1gxg,112185,113329,1144,20,for a second I literally look like,1,0,0,0,0,0,0,ak,56:33.0,
AneesaSmith_HrYDsGL1gxg_113513_122721.wav,AneesaSmith_HrYDsGL1gxg,113513,122721,9208,21,um a ghost okay but yeah I do um spot treat my skin where I have breakouts I use the Mario Badescu which is like the most popular I feel like spot treatment,1,0,0,0,0,0,0,ak,57:28.5,
AneesaSmith_HrYDsGL1gxg_123049_128857.wav,AneesaSmith_HrYDsGL1gxg,123049,128857,5808,22,um it's from Ulta at $17 it's in a little tiny little pink bottle um I use that overnight if I ever have any like,1,0,0,0,0,0,0,ak,57:49.2,
AneesaSmith_HrYDsGL1gxg_129113_136465.wav,AneesaSmith_HrYDsGL1gxg,129113,136465,7352,23,skin breakouts that are coming through or that I just want to get rid of in a timely manner so yes that is my skincare routine,1,0,0,0,0,0,0,ak,58:21.8,
AneesaSmith_HrYDsGL1gxg_136817_142875.wav,AneesaSmith_HrYDsGL1gxg,136817,142875,6058,24,okay next question is um what message would you give to a new makeup artist coming into the industry,1,0,0,0,0,0,0,ak,58:43.6,
AneesaSmith_HrYDsGL1gxg_143043_146483.wav,AneesaSmith_HrYDsGL1gxg,143043,146483,3440,25,that's a good question my message to a new makeup artist would probably have to be,1,0,0,0,0,0,0,ak,58:56.3,
AneesaSmith_HrYDsGL1gxg_146819_154187.wav,AneesaSmith_HrYDsGL1gxg,146819,154187,7368,26,try and get as much practice as you can um I know just from like when I started I started working on all my really good friends and,1,0,0,0,0,0,0,ak,59:23.6,
AneesaSmith_HrYDsGL1gxg_154613_156845.wav,AneesaSmith_HrYDsGL1gxg,154613,156845,2232,27,I thought like wow I'm so good at this like,1,0,0,0,0,0,0,ak,59:32.8,
AneesaSmith_HrYDsGL1gxg_157013_161737.wav,AneesaSmith_HrYDsGL1gxg,157013,161737,4724,28,this is honestly fire right now and_unc then_unc I go back now and I look at those pictures and I'm like,1,0,0,0,0,0,0,ak,00:10.4,
AneesaSmith_HrYDsGL1gxg_162129_168845.wav,AneesaSmith_HrYDsGL1gxg,162129,168845,6716,29,why did anybody let me touch their face ever like why but I think my advice would just be get as much,1,0,0,0,0,0,0,ak,01:08.7,
AneesaSmith_HrYDsGL1gxg_169021_169545.wav,AneesaSmith_HrYDsGL1gxg,169021,169545,524,30,would be,1,0,0,0,0,0,0,ak,01:13.2,
AneesaSmith_HrYDsGL1gxg_169825_173697.wav,AneesaSmith_HrYDsGL1gxg,169825,173697,3872,31,just to get s- what did I say would be just to get as much practice as you can,1,0,0,0,0,0,0,ak,01:53.6,
AneesaSmith_HrYDsGL1gxg_173969_180785.wav,AneesaSmith_HrYDsGL1gxg,173969,180785,6816,32,um because practice really does make perfect I know that's such a cheesy line but the more practice you have the more experience you have working on multiple faces,1,0,0,0,0,0,0,ak,02:40.8,
AneesaSmith_HrYDsGL1gxg_181041_184041.wav,AneesaSmith_HrYDsGL1gxg,181041,184041,3000,33,multiple skin tones multiple skin types like all of that really,1,0,0,0,0,0,0,ak,02:52.4,
AneesaSmith_HrYDsGL1gxg_184289_186065.wav,AneesaSmith_HrYDsGL1gxg,184289,186065,1776,34,helps you in the long run because,1,0,0,0,0,0,0,ak,03:02.7,
AneesaSmith_HrYDsGL1gxg_186217_191297.wav,AneesaSmith_HrYDsGL1gxg,186217,191297,5080,35,I mean if you're a makeup artist and you want to like be doing you know weddings or parties or events or whatever it is,1,0,0,0,0,0,0,ak,03:29.9,
AneesaSmith_HrYDsGL1gxg_191641_196601.wav,AneesaSmith_HrYDsGL1gxg,191641,196601,4960,36,you're more than likely gonna be working on so many different faces and so many different types of women,1,0,0,0,0,0,0,ak,03:44.4,
AneesaSmith_HrYDsGL1gxg_196929_201737.wav,AneesaSmith_HrYDsGL1gxg,196929,201737,4808,37,um that you know they're- w- not all one person is the same obviously so I think just,1,0,0,0,0,0,0,ak,04:38.2,
AneesaSmith_HrYDsGL1gxg_201865_206841.wav,AneesaSmith_HrYDsGL1gxg,201865,206841,4976,38,my biggest thing if you're just starting out or you want to like become a makeup artist is to get as much practice as you can,1,0,0,0,0,0,0,ak,04:57.6,
AneesaSmith_HrYDsGL1gxg_207169_216265.wav,AneesaSmith_HrYDsGL1gxg,207169,216265,9096,39,even though you're probably gonna suck when you first start that's totally fine because everybody does I did I've always been into makeup I've always been into beauty but when I started b- doing makeup on other people I was like,1,0,0,0,0,0,0,ak,05:41.2,
AneesaSmith_HrYDsGL1gxg_216409_220161.wav,AneesaSmith_HrYDsGL1gxg,216409,220161,3752,40,what the hell am I doing like I had no clue what I was doing and I just had to learn from like,1,0,0,0,0,0,0,ak,06:03.9,
AneesaSmith_HrYDsGL1gxg_220345_226729.wav,AneesaSmith_HrYDsGL1gxg,220345,226729,6384,41,experience so get as much experience_unc experience as you can okay next question is um what is your favorite place to buy clothes,1,0,0,0,0,0,0,ak,18:18.6,
AneesaSmith_HrYDsGL1gxg_226857_227673.wav,AneesaSmith_HrYDsGL1gxg,226857,227673,816,42,honestly,1,0,0,0,0,0,0,ak,18:24.1,
AneesaSmith_HrYDsGL1gxg_228193_229017.wav,AneesaSmith_HrYDsGL1gxg,228193,229017,824,43,honestly,1,0,0,0,0,0,0,ak,18:28.4,
AneesaSmith_HrYDsGL1gxg_229153_232101.wav,AneesaSmith_HrYDsGL1gxg,229153,232101,2948,44,forever21 I know that's like so basic,1,0,0,0,0,0,0,ak,18:42.7,
AneesaSmith_HrYDsGL1gxg_232493_235127.wav,AneesaSmith_HrYDsGL1gxg,232493,235127,2634,45,and I feel like everybody shops there but they have really,1,0,0,0,0,0,0,ak,19:48.0,
AneesaSmith_HrYDsGL1gxg_235327_242817.wav,AneesaSmith_HrYDsGL1gxg,235327,242817,7490,46,cute clothes for me I'm not really super materialistic like I don't I don't know_unc mean that in a bad way I just mean like I don't necessarily need like brand-name stuff like,1,0,0,0,0,0,0,ak,23:49.0,
AneesaSmith_HrYDsGL1gxg_242961_246293.wav,AneesaSmith_HrYDsGL1gxg,242961,246293,3332,47,I don't I'm d- I'm just not that kind of person I love just,1,0,0,0,0,0,0,ak,25:33.8,
AneesaSmith_HrYDsGL1gxg_246453_255757.wav,AneesaSmith_HrYDsGL1gxg,246453,255757,9304,48,finding cute affordable clothes where it doesn't like break the bank you know what I mean and I am one of the people I love shopping like shopping could be a full-time job for me because I do it so often,1,0,0,0,0,0,0,ak,26:46.7,
AneesaSmith_HrYDsGL1gxg_255909_261713.wav,AneesaSmith_HrYDsGL1gxg,255909,261713,5804,49,but I feel like I want to be able to buy new clothes often and not feel like wow I'm spending three hundred and,1,0,0,0,0,0,0,ak,27:26.3,
AneesaSmith_HrYDsGL1gxg_261921_267277.wav,AneesaSmith_HrYDsGL1gxg,261921,267277,5356,50,fifty dollars every time I go to the mall every time I go shopping you know and I feel like forever twenty-one has really really really cute stuff,1,0,0,0,0,0,0,ak,27:59.5,
AneesaSmith_HrYDsGL1gxg_267669_268797.wav,AneesaSmith_HrYDsGL1gxg,267669,268797,1128,51,at a really good price point,1,0,0,0,0,0,0,ak,28:08.6,
AneesaSmith_HrYDsGL1gxg_269021_270025.wav,AneesaSmith_HrYDsGL1gxg,269021,270025,1004,52,so I usually buy,1,0,0,0,0,0,0,ak,28:17.4,
AneesaSmith_HrYDsGL1gxg_270137_275921.wav,AneesaSmith_HrYDsGL1gxg,270137,275921,5784,53,all of my clothes there um I also do a lot of shopping at Ross and Marshalls and TJ Maxx stores like that,1,0,0,0,0,0,0,ak,29:04.6,
AneesaSmith_HrYDsGL1gxg_276553_277257.wav,AneesaSmith_HrYDsGL1gxg,276553,277257,704,54,um,0,0,0,0,0,0,0,ak,29:08.7,
AneesaSmith_HrYDsGL1gxg_277369_281625.wav,AneesaSmith_HrYDsGL1gxg,277369,281625,4256,55,and I feel like I feel like they have like a bad you know what I mean people_unc were like oh you shop at Ross like,1,0,0,0,0,0,0,ak,30:42.3,
AneesaSmith_HrYDsGL1gxg_281737_289577.wav,AneesaSmith_HrYDsGL1gxg,281737,289577,7840,56,yeah I do yeah I shop at Ross because they have a really cute stuff and most the time I'm wearing stuff on camera or like in a video or whatever and you guys like oh my gosh where'd you get that and I'm like <lgh> Ross,1,0,0,0,0,0,0,ak,35:25.8,
AneesaSmith_HrYDsGL1gxg_290025_291641.wav,AneesaSmith_HrYDsGL1gxg,290025,291641,1616,57,so they just have really good stuff,1,0,0,0,0,0,0,ak,35:39.3,
AneesaSmith_HrYDsGL1gxg_292009_296057.wav,AneesaSmith_HrYDsGL1gxg,292009,296057,4048,58,and also at a very good price point in my opinion but my I think a- my all-time favorite store is,1,0,0,0,0,0,0,ak,36:20.5,
AneesaSmith_HrYDsGL1gxg_296209_299585.wav,AneesaSmith_HrYDsGL1gxg,296209,299585,3376,59,forever twenty-one next question what is um the most important thing,1,0,0,0,0,0,0,ak,36:34.1,
AneesaSmith_HrYDsGL1gxg_299697_303009.wav,AneesaSmith_HrYDsGL1gxg,299697,303009,3312,60,that you look for on a client before doing their makeup,1,0,0,0,0,0,0,ak,36:44.8,
AneesaSmith_HrYDsGL1gxg_303385_303905.wav,AneesaSmith_HrYDsGL1gxg,303385,303905,520,61,um,0,0,0,0,0,0,0,ak,36:48.7,
AneesaSmith_HrYDsGL1gxg_304185_304569.wav,AneesaSmith_HrYDsGL1gxg,304185,304569,384,62,oh that's,0,0,0,0,0,0,0,ak,36:55.7,
AneesaSmith_HrYDsGL1gxg_304689_307561.wav,AneesaSmith_HrYDsGL1gxg,304689,307561,2872,63,good_unc one_unc I think the one thing that I look at,1,0,0,0,0,0,0,ak,37:11.5,
AneesaSmith_HrYDsGL1gxg_307673_309773.wav,AneesaSmith_HrYDsGL1gxg,307673,309773,2100,64,like first and foremost is their skin type,1,0,0,0,0,0,0,ak,37:20.1,
AneesaSmith_HrYDsGL1gxg_310101_319702.wav,AneesaSmith_HrYDsGL1gxg,310101,319702,9601,65,because most the time like if they have like dry skin I like to prep the skin I always start with eye makeup so no matter who I'm working on I always do their eyes first because I like to avoid,1,0,0,0,0,0,0,ak,37:44.2,
AneesaSmith_HrYDsGL1gxg_320006_322055.wav,AneesaSmith_HrYDsGL1gxg,320006,322055,2049,66,fall out if I'm doing like a dark look or whatever,1,0,0,0,0,0,0,ak,37:53.8,
AneesaSmith_HrYDsGL1gxg_322407_328849.wav,AneesaSmith_HrYDsGL1gxg,322407,328849,6442,67,but I always look at the person's skin because if they have dry skin I like to prep it before so I'll put a moisturizer let that kind of sink and soak in,1,0,0,0,0,0,0,ak,38:11.0,
AneesaSmith_HrYDsGL1gxg_329145_331049.wav,AneesaSmith_HrYDsGL1gxg,329145,331049,1904,68,I'll put a primer let that kind of like work,1,0,0,0,0,0,0,ak,38:20.0,
AneesaSmith_HrYDsGL1gxg_331281_339813.wav,AneesaSmith_HrYDsGL1gxg,331281,339813,8532,69,way work itself in there and then by the time I get to their face their face is like prepped and primed and ready to go if that makes sense so I think definitely looking at the person's skin,1,0,0,0,0,0,0,ak,39:16.1,
AneesaSmith_HrYDsGL1gxg_340125_341905.wav,AneesaSmith_HrYDsGL1gxg,340125,341905,1780,70,um is the first thing that I do,1,0,0,0,0,0,0,ak,39:34.3,
AneesaSmith_HrYDsGL1gxg_342113_346293.wav,AneesaSmith_HrYDsGL1gxg,342113,346293,4180,71,okay this person asked um what is your eyebrow routine your yours always look amazing,1,0,0,0,0,0,0,ak,40:21.1,
AneesaSmith_HrYDsGL1gxg_346621_351757.wav,AneesaSmith_HrYDsGL1gxg,346621,351757,5136,72,so <lgh> I_lgh actually get a lot of questions about my eyebrows and I don't know if I've said this on my channel before or not,1,0,0,0,0,0,0,ak,41:56.1,
AneesaSmith_HrYDsGL1gxg_352045_353985.wav,AneesaSmith_HrYDsGL1gxg,352045,353985,1940,73,but I used to have and let's just,1,0,0,0,0,0,0,ak,42:02.2,
AneesaSmith_HrYDsGL1gxg_354113_359177.wav,AneesaSmith_HrYDsGL1gxg,354113,359177,5064,74,okay we can just like I think you can see um I know I have a hat on but I used to have a unibrow when I was little,0,0,0,0,0,0,0,ak,42:45.6,
AneesaSmith_HrYDsGL1gxg_359313_366361.wav,AneesaSmith_HrYDsGL1gxg,359313,366361,7048,75,yes I know I'm just letting it all out right now also if you look on my Instagram page um I think it's kind of a bit farther down but I did,1,0,0,0,0,0,0,ak,48:50.3,
AneesaSmith_HrYDsGL1gxg_366673_375425.wav,AneesaSmith_HrYDsGL1gxg,366673,375425,8752,76,this whole um post about like my eyebrow transformation through the years they were so hideous like I had full really really really full eyebrows and then I,1,0,0,0,0,0,0,ak,49:35.2,
AneesaSmith_HrYDsGL1gxg_375577_384393.wav,AneesaSmith_HrYDsGL1gxg,375577,384393,8816,77,plucked them and cut them and trimmed them and they were lines I basically did everything that you're not supposed to do to my own eyebrows and I thought they looked so good I just didn't want to have a,1,0,0,0,0,0,0,ak,50:29.3,
AneesaSmith_HrYDsGL1gxg_384521_387666.wav,AneesaSmith_HrYDsGL1gxg,384521,387666,3145,78,a unibrow anymore so I just tried everything I possibly could to get rid of them,1,0,0,0,0,0,0,ak,51:23.7,
AneesaSmith_HrYDsGL1gxg_388114_392578.wav,AneesaSmith_HrYDsGL1gxg,388114,392578,4464,79,but now they um have obviously grown back and they're not little um lines on my face,1,0,0,0,0,0,0,ak,52:02.9,
AneesaSmith_HrYDsGL1gxg_393026_394963.wav,AneesaSmith_HrYDsGL1gxg,393026,394963,1937,80,but I get them um to get the shape,1,0,0,0,0,0,0,ak,52:30.1,
AneesaSmith_HrYDsGL1gxg_395115_396915.wav,AneesaSmith_HrYDsGL1gxg,395115,396915,1800,81,of my eyebrows I did,1,0,0,0,0,0,0,ak,53:15.6,
AneesaSmith_HrYDsGL1gxg_397027_404291.wav,AneesaSmith_HrYDsGL1gxg,397027,404291,7264,82,threading so I got I went to like one of those little threading places and got the shape and they I feel like the threading places like shape them really well I don't I couldn't tell you the name of,1,0,0,0,0,0,0,ak,54:31.7,
AneesaSmith_HrYDsGL1gxg_405236_413676.wav,AneesaSmith_HrYDsGL1gxg,405236,413676,8440,83,but_unc now I I pretty much keep them up on my own every now and then I will get them waxed just like really get a nice cleaning but for the most part I use those little like,1,0,0,0,0,0,0,ak,2021-04-12 17:58:01.036819,
AneesaSmith_HrYDsGL1gxg_414092_415740.wav,AneesaSmith_HrYDsGL1gxg,414092,415740,1648,84,little twinkle razor things,1,0,0,0,0,0,0,ak,2021-04-12 17:58:10.920521,
AneesaSmith_HrYDsGL1gxg_416164_416789.wav,AneesaSmith_HrYDsGL1gxg,416164,416789,625,85,called tinkle,1,0,0,0,0,0,0,ak,2021-04-12 17:58:18.919319,
AneesaSmith_HrYDsGL1gxg_417053_417465.wav,AneesaSmith_HrYDsGL1gxg,417053,417465,412,86,tinkle,1,0,0,0,0,0,0,ak,2021-04-12 17:58:26.749273,
AneesaSmith_HrYDsGL1gxg_417737_424425.wav,AneesaSmith_HrYDsGL1gxg,417737,424425,6688,87,that sounds weird but I'm pretty sure they're called tinkle razors and they're just like they kind of like will clean up your eyebrows like your eyebrow hairs and stuff and then I just,1,0,0,0,0,0,0,ak,2021-04-12 17:58:46.288737,
AneesaSmith_HrYDsGL1gxg_424537_427137.wav,AneesaSmith_HrYDsGL1gxg,424537,427137,2600,88,pluck the ones that are like too hard to get with that,1,0,0,0,0,0,0,ak,2021-04-12 17:58:56.792672,
AneesaSmith_HrYDsGL1gxg_427265_431729.wav,AneesaSmith_HrYDsGL1gxg,427265,431729,4464,89,but um yeah I just I have a really the girl who does my eyebrows her name is Olivia,1,0,0,0,0,0,0,ak,2021-04-12 17:59:13.482683,
AneesaSmith_HrYDsGL1gxg_432361_434589.wav,AneesaSmith_HrYDsGL1gxg,432361,434589,2228,90,I will leave her contact information um in the,1,0,0,0,0,0,0,ak,2021-04-12 17:59:23.982608,
AneesaSmith_HrYDsGL1gxg_434733_444705.wav,AneesaSmith_HrYDsGL1gxg,434733,444705,9972,91,description box below but she does a really good job she does a really good job shaping them um and just like filling them in and like making them like the shape that I want so I mean definitely having a good,1,0,0,0,0,0,0,ak,2021-04-12 18:00:56.493941,
AneesaSmith_HrYDsGL1gxg_444961_446083.wav,AneesaSmith_HrYDsGL1gxg,444961,446083,1122,92,eye brow specialist,1,0,0,0,0,0,0,ak,2021-04-12 18:01:02.474407,
AneesaSmith_HrYDsGL1gxg_446323_453427.wav,AneesaSmith_HrYDsGL1gxg,446323,453427,7104,93,is good but um as far as filling them in I usually just use like a pencil I will fill in um like the sparse areas,1,0,0,0,0,0,0,ak,2021-04-12 18:01:36.192473,
AneesaSmith_HrYDsGL1gxg_453739_457435.wav,AneesaSmith_HrYDsGL1gxg,453739,457435,3696,94,and then I'll go in with a powder and just like fill in with a powder,1,0,0,0,0,0,0,ak,2021-04-12 18:02:17.846468,
AneesaSmith_HrYDsGL1gxg_457845_458069.wav,AneesaSmith_HrYDsGL1gxg,457845,458069,224,95,so,0,0,0,0,0,0,0,ak,2021-04-12 18:02:30.174269,
AneesaSmith_HrYDsGL1gxg_458181_458853.wav,AneesaSmith_HrYDsGL1gxg,458181,458853,672,96,that's what I do <lgh>,1,0,0,0,0,0,0,ak,2021-04-12 18:02:53.326687,
AneesaSmith_HrYDsGL1gxg_458997_463733.wav,AneesaSmith_HrYDsGL1gxg,458997,463733,4736,97,okay next question is how long have you been doing makeup I have been doing makeup um,1,0,0,0,0,0,0,ak,2021-04-12 20:19:01.505897,
AneesaSmith_HrYDsGL1gxg_463885_467557.wav,AneesaSmith_HrYDsGL1gxg,463885,467557,3672,98,I started in January of twenty fifteen so just over three years,1,0,0,0,0,0,0,ak,2021-04-12 20:19:17.001380,
AneesaSmith_HrYDsGL1gxg_467749_470821.wav,AneesaSmith_HrYDsGL1gxg,467749,470821,3072,99,I've been working on bridal parties and I'm pretty sure for just over two years,1,0,0,0,0,0,0,ak,2021-04-12 20:19:29.751656,
AneesaSmith_HrYDsGL1gxg_471253_479741.wav,AneesaSmith_HrYDsGL1gxg,471253,479741,8488,100,um I y- I wanted to try and get as_lgh much_lgh experience as I could before I like went full on in to like doing Bridal parties and w- uh wedding makeup and stuff like that because that was like,1,0,0,0,0,0,0,ak,2021-04-12 20:21:50.495010,
AneesaSmith_HrYDsGL1gxg_480021_480533.wav,AneesaSmith_HrYDsGL1gxg,480021,480533,512,101,huge,1,0,0,0,0,0,0,ak,2021-04-12 20:21:55.995354,
AneesaSmith_HrYDsGL1gxg_480925_481993.wav,AneesaSmith_HrYDsGL1gxg,480925,481993,1068,102,step for me,1,0,0,0,0,0,0,ak,2021-04-12 20:22:04.972407,
AneesaSmith_HrYDsGL1gxg_482713_492585.wav,AneesaSmith_HrYDsGL1gxg,482713,492585,9872,103,but yeah I've been doing makeup um since January 2015 is w- is when I like started my journey that's when I was like this is what I want to do this is what I'm gonna do and then I went for it okay next question is um,1,0,0,0,0,0,0,ak,2021-04-12 20:22:54.403851,
AneesaSmith_HrYDsGL1gxg_492969_497537.wav,AneesaSmith_HrYDsGL1gxg,492969,497537,4568,104,oh wait she has three <lgh> what is your favorite store to shop at um,1,0,0,0,0,0,0,ak,2021-04-12 20:23:44.106629,
AneesaSmith_HrYDsGL1gxg_497801_498369.wav,AneesaSmith_HrYDsGL1gxg,497801,498369,568,105,oh my gosh,1,0,0,0,0,0,0,ak,2021-04-12 20:23:52.483253,
AneesaSmith_HrYDsGL1gxg_498785_499273.wav,AneesaSmith_HrYDsGL1gxg,498785,499273,488,106,<noise>,0,0,0,0,0,0,1,ak,2021-04-12 20:24:06.902832,
AneesaSmith_HrYDsGL1gxg_499833_506945.wav,AneesaSmith_HrYDsGL1gxg,499833,506945,7112,107,I love forever twenty one like I said I really really love that but I also love um I love Hobby Lobby oh my gosh I love Hobby Lobby,1,0,0,0,0,0,0,ak,2021-04-12 20:24:40.279631,
AneesaSmith_HrYDsGL1gxg_507201_515257.wav,AneesaSmith_HrYDsGL1gxg,507201,515257,8056,108,and I love um I love like Marshalls and tjmaxx because they just have everything but I also obviously love Target I'm just such a target girl I'm a target a holic,1,0,0,0,0,0,0,ak,2021-04-12 20:25:10.564584,
AneesaSmith_HrYDsGL1gxg_516137_516441.wav,AneesaSmith_HrYDsGL1gxg,516137,516441,304,109,that's,1,0,0,0,0,0,0,ak,2021-04-12 20:25:17.621737,
AneesaSmith_HrYDsGL1gxg_516721_517401.wav,AneesaSmith_HrYDsGL1gxg,516721,517401,680,110,I just made that up,1,0,0,0,0,0,0,ak,2021-04-12 20:25:23.821461,
AneesaSmith_HrYDsGL1gxg_518105_518209.wav,AneesaSmith_HrYDsGL1gxg,518105,518209,104,111,,0,0,0,0,0,1,0,ak,2021-04-12 20:25:27.935816,
AneesaSmith_HrYDsGL1gxg_518361_521145.wav,AneesaSmith_HrYDsGL1gxg,518361,521145,2784,112,what tips do you have for ladies who want to start freelancing,1,0,0,0,0,0,0,ak,2021-04-12 20:25:54.319871,
AneesaSmith_HrYDsGL1gxg_521561_523649.wav,AneesaSmith_HrYDsGL1gxg,521561,523649,2088,113,oh that's a good question um,1,0,0,0,0,0,0,ak,2021-04-12 20:26:02.674829,
AneesaSmith_HrYDsGL1gxg_523849_532289.wav,AneesaSmith_HrYDsGL1gxg,523849,532289,8440,114,I think if I had tips uh my first tip would be to save your money because makeup is so expensive um and especially if you want to have like a kit and you want to like be working on other people makeup,1,0,0,0,0,0,0,ak,2021-04-12 20:26:32.472627,
AneesaSmith_HrYDsGL1gxg_532601_534969.wav,AneesaSmith_HrYDsGL1gxg,532601,534969,2368,115,not cheap I can't even tell you how many,1,0,0,0,0,0,0,ak,2021-04-12 20:26:43.688368,
AneesaSmith_HrYDsGL1gxg_535561_535841.wav,AneesaSmith_HrYDsGL1gxg,535561,535841,280,116,many,1,0,0,0,0,0,0,ak,2021-04-12 20:26:47.334734,
AneesaSmith_HrYDsGL1gxg_536177_545473.wav,AneesaSmith_HrYDsGL1gxg,536177,545473,9296,117,dollars I've spent on makeup and stuff like that because you have to take into consideration you have to get different colors you have to get different you know like foundation shades concealer shades you have to get bunch,1,0,0,0,0,0,0,ak,2021-04-12 20:27:12.962928,
AneesaSmith_HrYDsGL1gxg_545849_546633.wav,AneesaSmith_HrYDsGL1gxg,545849,546633,784,118,palettes and,1,0,0,0,0,0,0,ak,2021-04-12 20:27:20.589933,
AneesaSmith_HrYDsGL1gxg_546993_547857.wav,AneesaSmith_HrYDsGL1gxg,546993,547857,864,119,you know you try to get,1,0,0,0,0,0,0,ak,2021-04-12 20:27:31.872966,
AneesaSmith_HrYDsGL1gxg_548177_553803.wav,AneesaSmith_HrYDsGL1gxg,548177,553803,5626,120,uh m- I mean you try to get as many things as you can to be like as a versatile as you can possibly be because you're gonna be working on so many different,1,0,0,0,0,0,0,ak,2021-04-12 20:27:53.233725,
AneesaSmith_HrYDsGL1gxg_553987_559004.wav,AneesaSmith_HrYDsGL1gxg,553987,559004,5017,121,people so my first tip would probably be to save your money because it's expensive and it's it's_unc a very,1,0,0,0,0,0,0,ak,2021-04-12 20:28:12.679014,
AneesaSmith_HrYDsGL1gxg_559388_564837.wav,AneesaSmith_HrYDsGL1gxg,559388,564837,5449,122,it's a very expensive hobby turned into which can turn into a job if that's what you're wanting,1,0,0,0,0,0,0,ak,2021-04-12 20:28:29.191866,
AneesaSmith_HrYDsGL1gxg_564957_565405.wav,AneesaSmith_HrYDsGL1gxg,564957,565405,448,123,go for,1,0,0,0,0,0,0,ak,2021-04-12 20:28:33.992235,
AneesaSmith_HrYDsGL1gxg_565781_570389.wav,AneesaSmith_HrYDsGL1gxg,565781,570389,4608,124,um so definitely save your money and also like I said earlier get as much experience as you can,1,0,0,0,0,0,0,ak,2021-04-12 20:28:51.871008,
AneesaSmith_HrYDsGL1gxg_570493_570909.wav,AneesaSmith_HrYDsGL1gxg,570493,570909,416,125,um,0,0,0,0,0,0,0,ak,2021-04-12 20:28:58.735869,
AneesaSmith_HrYDsGL1gxg_571061_576029.wav,AneesaSmith_HrYDsGL1gxg,571061,576029,4968,126,my biggest thing is people sometimes ask me this they're like how much should I start charging like I'm just starting out blah blah,1,0,0,0,0,0,0,ak,2021-04-12 20:29:17.781721,
AneesaSmith_HrYDsGL1gxg_576269_583855.wav,AneesaSmith_HrYDsGL1gxg,576269,583855,7586,127,don't charge them anything because_lgh if_lgh you don't know what you're doing I feel like that's kind of not fair for you to be like charging at the same time I understand that makeup costs money,1,0,0,0,0,0,0,ak,2021-04-12 20:29:46.847304,
AneesaSmith_HrYDsGL1gxg_584071_593936.wav,AneesaSmith_HrYDsGL1gxg,584071,593936,9865,128,but when I first started freelancing I would have people bring me all of their own products and like the problem with that sometimes too is people don't have the right stuff like maybe they don't have the right color maybe I don't have the right_unc shade for their like skin tone,1,0,0,0,0,0,0,ak,2021-04-12 20:30:21.730642,
AneesaSmith_HrYDsGL1gxg_594232_601441.wav,AneesaSmith_HrYDsGL1gxg,594232,601441,7209,129,it happens but if you're trying to like just get the experience of working with different products and different people and different faces I would say have them,1,0,0,0,0,0,0,ak,2021-04-12 20:30:40.327458,
AneesaSmith_HrYDsGL1gxg_601881_605449.wav,AneesaSmith_HrYDsGL1gxg,601881,605449,3568,130,them don't charge them first of all but then I would say to,1,0,0,0,0,0,1,ak,2021-04-12 20:30:56.908022,
AneesaSmith_HrYDsGL1gxg_605657_612137.wav,AneesaSmith_HrYDsGL1gxg,605657,612137,6480,131,you know have th- h- use their stuff instead of like buying a crap ton of stuff and like not really maybe not knowing uh- what to do with it yet,1,0,0,0,0,0,0,ak,2021-04-12 20:31:43.113728,
AneesaSmith_HrYDsGL1gxg_612409_621421.wav,AneesaSmith_HrYDsGL1gxg,612409,621421,9012,132,sorry there was like_lgh something_lgh floating_lgh right here but I would say use the clients products use the stuff that they have so then they- that way they can learn to use like what they have so they don't have,1,0,0,0,0,0,0,ak,2021-04-12 20:32:56.430234,
AneesaSmith_HrYDsGL1gxg_621653_623081.wav,AneesaSmith_HrYDsGL1gxg,621653,623081,1428,133,say it you don't have to tell them like okay,1,0,0,0,0,0,0,ak,2021-04-12 20:33:13.584078,
AneesaSmith_HrYDsGL1gxg_623385_626537.wav,AneesaSmith_HrYDsGL1gxg,623385,626537,3152,134,here's what you need go out and spend 500 dollars on like all this stuff because,1,0,0,0,0,0,0,ak,2021-04-12 20:33:28.645941,
AneesaSmith_HrYDsGL1gxg_626713_627281.wav,AneesaSmith_HrYDsGL1gxg,626713,627281,568,135,you know it's,1,0,0,0,0,0,0,ak,2021-04-12 20:33:38.888190,
AneesaSmith_HrYDsGL1gxg_627433_627545.wav,AneesaSmith_HrYDsGL1gxg,627433,627545,112,136,,0,0,0,0,0,0,0,ak,2021-04-12 20:33:42.097073,
AneesaSmith_HrYDsGL1gxg_628025_636817.wav,AneesaSmith_HrYDsGL1gxg,628025,636817,8792,137,so that's probably what I would say is um I I didn't charge people when I first started because I just didn't I didn't know what I was doing you know so I wanted to just get that experience before I was like,1,0,0,0,0,0,0,ak,2021-04-12 20:34:34.143462,
AneesaSmith_HrYDsGL1gxg_637081_640105.wav,AneesaSmith_HrYDsGL1gxg,637081,640105,3024,138,okay fork it over you know_lgh what_lgh I mean just I mean things to think about,1,0,0,0,0,0,0,ak,2021-04-12 20:35:06.859286,
AneesaSmith_HrYDsGL1gxg_640225_643725.wav,AneesaSmith_HrYDsGL1gxg,640225,643725,3500,139,alrighty the next question is um I love the way you do makeup how did you how did you,1,0,0,0,0,0,0,ak,2021-04-12 20:35:32.620613,
AneesaSmith_HrYDsGL1gxg_643997_653174.wav,AneesaSmith_HrYDsGL1gxg,643997,653174,9177,140,how did you get inspired to start doing makeup for others thank you I got started doing makeup like I said in about three just over three years ago and I was actually in,1,0,0,0,0,0,0,ak,2021-04-12 20:36:21.466958,
AneesaSmith_HrYDsGL1gxg_653470_654343.wav,AneesaSmith_HrYDsGL1gxg,653470,654343,873,141,Target aisle and I was,1,0,0,0,0,0,0,ak,2021-04-12 20:36:47.350396,
AneesaSmith_HrYDsGL1gxg_654583_654849.wav,AneesaSmith_HrYDsGL1gxg,654583,654849,266,142,like,1,0,0,0,0,0,0,ak,2021-04-12 20:36:51.417399,
AneesaSmith_HrYDsGL1gxg_655017_658897.wav,AneesaSmith_HrYDsGL1gxg,655017,658897,3880,143,I was I had to buy like new makeup and stuff because that was when I bought all my stuff at,1,0,0,0,0,0,0,ak,2021-04-12 20:37:15.782442,
AneesaSmith_HrYDsGL1gxg_659161_659785.wav,AneesaSmith_HrYDsGL1gxg,659161,659785,624,144,oh my god my lash,1,0,0,0,0,0,0,ak,2021-04-12 20:37:23.880186,
AneesaSmith_HrYDsGL1gxg_660545_660737.wav,AneesaSmith_HrYDsGL1gxg,660545,660737,192,145,ah,0,0,0,0,0,0,0,ak,2021-04-12 20:37:27.306462,
AneesaSmith_HrYDsGL1gxg_660873_669145.wav,AneesaSmith_HrYDsGL1gxg,660873,669145,8272,146,sorry that's when I bought all my makeup um at the drugstore like just at Target and I was standing in the aisle and I thought you know I think it'd be really fun to just like buy,1,0,0,0,0,0,0,ak,2021-04-12 20:38:01.402621,
AneesaSmith_HrYDsGL1gxg_669361_671905.wav,AneesaSmith_HrYDsGL1gxg,669361,671905,2544,147,new stuff like I'm just gonna throw out everything I have,1,0,0,0,0,0,0,ak,2021-04-12 20:38:15.850023,
AneesaSmith_HrYDsGL1gxg_672049_678113.wav,AneesaSmith_HrYDsGL1gxg,672049,678113,6064,148,and I'm just gonna start over like I'm just gonna buy new product and just like try it out and see how I like it and all that stuff just kind of experiment with new things,1,0,0,0,0,0,0,ak,2021-04-12 20:38:37.624078,
AneesaSmith_HrYDsGL1gxg_678569_682337.wav,AneesaSmith_HrYDsGL1gxg,678569,682337,3768,149,and so I went home and I like was trying on all this makeup and I thought wow this is like so much fun like,1,0,0,0,0,0,0,ak,2021-04-12 20:38:52.427605,
AneesaSmith_HrYDsGL1gxg_682513_687833.wav,AneesaSmith_HrYDsGL1gxg,682513,687833,5320,150,finding new stuff and like figuring out like new ways to do things and like new products to use and I think that's kind of what like,1,0,0,0,0,0,0,ak,2021-04-12 20:39:07.733167,
AneesaSmith_HrYDsGL1gxg_688185_693081.wav,AneesaSmith_HrYDsGL1gxg,688185,693081,4896,151,made me feel like I kind of want to start doing this like on regular basis like if I started working on people and like,1,0,0,0,0,0,0,ak,2021-04-12 20:39:21.916027,
AneesaSmith_HrYDsGL1gxg_693705_695913.wav,AneesaSmith_HrYDsGL1gxg,693705,695913,2208,152,I knew that- that I was gonna I knew that I was gonna have to,1,0,0,0,0,0,0,ak,2021-04-12 20:39:44.931041,
AneesaSmith_HrYDsGL1gxg_696025_704381.wav,AneesaSmith_HrYDsGL1gxg,696025,704381,8356,153,figure out like different ways to do things and I loved like learning I feel like that's what I love the most about makeup is because it's just it's never one thing it's always changing it's always like something new,1,0,0,0,0,0,0,ak,2021-04-12 20:40:07.980375,
AneesaSmith_HrYDsGL1gxg_704661_712049.wav,AneesaSmith_HrYDsGL1gxg,704661,712049,7388,154,it's always fun it's always exciting and there's always so much to learn like I feel like I just never stopped learning in this industry like which is so cool and,1,0,0,0,0,0,0,ak,2021-04-12 20:40:40.085463,
AneesaSmith_HrYDsGL1gxg_712289_716841.wav,AneesaSmith_HrYDsGL1gxg,712289,716841,4552,155,I think um th- I think that's probably what started like what made me want to,1,0,0,0,0,0,0,ak,2021-04-12 20:40:57.525189,
AneesaSmith_HrYDsGL1gxg_717073_722537.wav,AneesaSmith_HrYDsGL1gxg,717073,722537,5464,156,start doing people_unc makeup on other people is just the fact that I wanted to like learn more about how to do stuff and I,1,0,0,0,0,0,0,ak,2021-04-12 20:41:28.013870,
AneesaSmith_HrYDsGL1gxg_722825_729793.wav,AneesaSmith_HrYDsGL1gxg,722825,729793,6968,157,obviously love makeup I love applying it on people on myself I love doing videos and stuff like that I think I wanted to just find out you know how,1,0,0,0,0,0,0,ak,2021-04-12 20:41:54.159050,
AneesaSmith_HrYDsGL1gxg_729969_735545.wav,AneesaSmith_HrYDsGL1gxg,729969,735545,5576,158,how I could better myself and how I could better the skill and the skills that you that I need to do makeup so,1,0,0,0,0,0,0,ak,2021-04-12 20:42:13.371517,
AneesaSmith_HrYDsGL1gxg_735801_736113.wav,AneesaSmith_HrYDsGL1gxg,735801,736113,312,159,I think,1,0,0,0,0,0,0,ak,2021-04-12 20:42:17.680426,
AneesaSmith_HrYDsGL1gxg_736345_736977.wav,AneesaSmith_HrYDsGL1gxg,736345,736977,632,160,that's probably why,1,0,0,0,0,0,0,ak,2021-04-12 20:42:22.024435,
AneesaSmith_HrYDsGL1gxg_737241_746081.wav,AneesaSmith_HrYDsGL1gxg,737241,746081,8840,161,okay next question is how did you first get into freelancing what are some tips you've learned along the way regarding freelancing and being prepared for clients I feel like some tips that I've learned um,1,0,0,0,0,0,0,ak,2021-04-12 20:42:36.003949,
AneesaSmith_HrYDsGL1gxg_746257_748233.wav,AneesaSmith_HrYDsGL1gxg,746257,748233,1976,162,is to really plan ahead,1,0,0,0,0,0,0,ak,2021-04-12 20:42:46.675019,
AneesaSmith_HrYDsGL1gxg_748569_753017.wav,AneesaSmith_HrYDsGL1gxg,748569,753017,4448,163,uh I feel like once I have like a wedding coming up I'm like that whole week I'm like okay do I have this do I have,1,0,0,0,0,0,0,ak,2021-04-12 20:43:03.000004,
AneesaSmith_HrYDsGL1gxg_753249_759209.wav,AneesaSmith_HrYDsGL1gxg,753249,759209,5960,164,do I have this do I have this do I have enough lashes do I have enough mascara do I have enough you know like you just always are trying to like go over everything in your head,1,0,0,0,0,0,0,ak,2021-04-12 20:43:50.942893,
AneesaSmith_HrYDsGL1gxg_759617_760073.wav,AneesaSmith_HrYDsGL1gxg,759617,760073,456,165,um,1,0,0,0,0,0,0,ak,2021-04-12 20:43:54.468474,
AneesaSmith_HrYDsGL1gxg_760257_768385.wav,AneesaSmith_HrYDsGL1gxg,760257,768385,8128,166,but I definitely would say like being prepared and if you're not like an organized person like start trying to be organized because once you go out and you're freelancing,1,0,0,0,0,0,0,ak,2021-04-12 20:44:15.393090,
AneesaSmith_HrYDsGL1gxg_768713_774297.wav,AneesaSmith_HrYDsGL1gxg,768713,774297,5584,167,and people are relying on you for something that_unc was like big as like getting them ready for their wedding or getting them ready for prom or getting them ready for,1,0,0,0,0,0,0,ak,2021-04-12 20:44:38.724565,
AneesaSmith_HrYDsGL1gxg_774465_775745.wav,AneesaSmith_HrYDsGL1gxg,774465,775745,1280,168,formal or whatever it may be,1,0,0,0,0,0,0,ak,2021-04-12 20:44:48.260311,
AneesaSmith_HrYDsGL1gxg_776057_779537.wav,AneesaSmith_HrYDsGL1gxg,776057,779537,3480,169,it's like a lot of pressure and it can be a lot of pressure and when I first started I was always like,1,0,0,0,0,0,0,ak,2021-04-12 20:45:05.845419,
AneesaSmith_HrYDsGL1gxg_779657_784241.wav,AneesaSmith_HrYDsGL1gxg,779657,784241,4584,170,Oh am I doing it right like am i okay like you know I was trying to like I don't know y- always second-guessing myself but,1,0,0,0,0,0,0,ak,2021-04-12 20:45:50.337014,
AneesaSmith_HrYDsGL1gxg_784697_785681.wav,AneesaSmith_HrYDsGL1gxg,784697,785681,984,171,I think some tips,1,0,0,0,0,0,0,ak,2021-04-12 20:45:55.927842,
AneesaSmith_HrYDsGL1gxg_786001_795193.wav,AneesaSmith_HrYDsGL1gxg,786001,795193,9192,172,um like I kind of mentioned earlier is to like save your money if you want to do freelancing it costs a lot of money d- as like a startup thing um because you need so much product and you need so many like,1,0,0,0,0,0,0,ak,2021-04-12 20:46:26.780648,
AneesaSmith_HrYDsGL1gxg_795433_795545.wav,AneesaSmith_HrYDsGL1gxg,795433,795545,112,173,,0,0,0,0,0,1,0,ak,2021-04-12 20:46:30.790941,
AneesaSmith_HrYDsGL1gxg_795673_802205.wav,AneesaSmith_HrYDsGL1gxg,795673,802205,6532,174,m- so many things of everything like you just need multiples i- it's like you're buying the stuff in bulk it's literally like I have,1,0,0,0,0,0,0,ak,2021-04-12 20:47:15.429112,
AneesaSmith_HrYDsGL1gxg_802453_806745.wav,AneesaSmith_HrYDsGL1gxg,802453,806745,4292,175,I can't even f- tell you how many foundation tubes I have_lgh in these drawers like it's ridiculous,1,0,0,0,0,0,0,ak,2021-04-12 20:47:38.474293,
